[
  {
    "baseType": 3,
    "name": "a",
    "description": "",
    "helpText": "",
    "isSystem": false,
    "minLength": 0,
    "maxLength": 20000,
    "validationRegex": "",
    "isValidate": false,
    "uuid": "c93536dc-8371-4ca9-b913-9913dc023f75"
  },
  {
    "baseType": 3,
    "name": "b",
    "description": "",
    "helpText": "",
    "isSystem": false,
    "minLength": 0,
    "maxLength": 20000,
    "validationRegex": "",
    "isValidate": false,
    "uuid": "810e3a6c-7d7a-43c4-9088-9164917346b0"
  },
  {
    "baseType": 3,
    "name": "e",
    "description": "",
    "helpText": "",
    "isSystem": false,
    "minLength": 0,
    "maxLength": 20000,
    "validationRegex": "",
    "isValidate": false,
    "uuid": "3f044578-e4aa-44a2-adc0-d9c18d483bac"
  },
  {
    "baseType": 3,
    "name": "payload",
    "defaultValue": "",
    "description": "",
    "helpText": "",
    "isSystem": false,
    "minLength": 0,
    "maxLength": 20000,
    "validationRegex": "",
    "isValidate": false,
    "uuid": "e95545e2-aa63-4132-9221-4abc0a612dba"
  }
]