{
  "integrations": [
    {
      "id": "5e1b1928-19d9-4270-99b3-d37e9199dc8c",
      "name": "Create Properties - Receive Payload",
      "action": "RUN_SCRIPT",
      "type": "INBOUND_WEBHOOK",
      "deployed": true,
      "form": "61e9897d-ce71-4f57-80e8-44ddc31a973e",
      "environment": "HOSTED",
      "authType": "URL",
      "createdBy": "FLOW",
      "integrationScriptStepUuid": "97c571db-4a7e-41c0-bd68-b17c5590e661"
    },
    {
      "id": "12a3b140-930b-4100-9531-a7587af257fb",
      "name": "Create Properties - Receive Payload 2",
      "action": "RUN_SCRIPT",
      "type": "INBOUND_WEBHOOK",
      "deployed": true,
      "form": "61e9897d-ce71-4f57-80e8-44ddc31a973e",
      "environment": "HOSTED",
      "authType": "URL",
      "createdBy": "FLOW",
      "integrationScriptStepUuid": "97c571db-4a7e-41c0-bd68-b17c5590e661"
    }
  ],
  "endpoints": [],
  "constants": []
}