[
  {
    "id": "8b0357da-5fdc-4ffc-957f-5fbe8c991cfb",
    "name": "Create Form Properties from payload",
    "description": "",
    "icon": "http://s3-xmatters-static.s3.amazonaws.com/null/customers/8d580702-986e-4de3-873d-3a75b8073b42/IMAGE__20190829234403667__form-fields.png",
    "script": "//Get Plan UUID\nvar apiRequest = http.request({\n    'endpoint': 'xMatters',\n    'path': '/api/xm/1/plans?planType=PLAN&search=' + encodeURI(input['planName']),\n    'method': 'GET'\n});\nvar apiResponse = apiRequest.write();\n\nif (apiResponse.statusCode == 200) {\n\n    var response = JSON.parse(apiResponse.body);\n    var planUUID = response.data[0].id;\n    console.log(\"plan uuid \" + planUUID)\n\n}\n\n// Get Key names\nvar prop_added = [];\nvar inputs = input['payload'];\n\nvar isobject = function(x){\n    return Object.prototype.toString.call(x) === '[object Object]';\n};\n\nvar getkeys = function(obj, prefix){\n    var keys = Object.keys(obj);\n    prefix = prefix ? prefix + '.' : '';\n    return keys.reduce(function(result, key){\n        if(isobject(obj[key])){\n            result = result.concat(getkeys(obj[key], prefix + key));\n        }else{\n            result.push(prefix + key);\n        }\n        return result;\n    }, []);\n};\n\nvar result = getkeys(inputs);\nconsole.log(\"result keys2 \" + JSON.stringify(result));\n\n\n// Create the Properties\nfor (var key in result) {\n    \n    var apiRequest = http.request({\n    'endpoint': 'xMatters',\n    'path': '/api/xm/1/plans/' + planUUID + '/property-definitions',\n    'method': 'POST'\n});\n\n\ndata = {};\ndata.propertyType = 'TEXT';\ndata.name = result[key];\ndata.maxLength = 20000;\ndata.minLength = 0;\n\nvar apiResponse = apiRequest.write(data);\n\n\nif (apiResponse.statusCode == 201) {\n\nprop_added.push(result[key]);\n\n}\noutput['properties_created'] = prop_added;\n    \n}\n",
    "endpointLabel": "xMatters",
    "allowedEnvironment": "HOSTED",
    "accessibleByAll": "NotShared",
    "scriptStepType": "USER",
    "inputs": [
      {
        "id": "f8b284d4-1add-4726-9d3b-530d3da3e4de",
        "name": "payload",
        "helpText": "Map this value to the payload send to xMatters. The JSON object you want to create xMatters properties from. Multiple levels are supported.",
        "defaultValue": "",
        "multiline": false,
        "required": true,
        "maxLength": 20000,
        "minLength": 0,
        "position": 0
      },
      {
        "id": "363f8aac-b687-4294-9014-8c05650720d8",
        "name": "planName",
        "helpText": "The name of the xMatters Communication Plan / Workflow you want to create form properties inside.",
        "defaultValue": "",
        "multiline": false,
        "required": true,
        "maxLength": 2000,
        "minLength": 0,
        "position": 1
      }
    ],
    "outputs": [
      {
        "id": "48110620-debe-425d-9256-78e662562f4c",
        "name": "properties_created",
        "position": 0
      }
    ]
  },
  {
    "id": "97c571db-4a7e-41c0-bd68-b17c5590e661",
    "name": "Receive Payload",
    "description": "",
    "icon": "/static/images/script_steps/default-brackets.png",
    "script": "output['payload'] = JSON.parse(request.body);",
    "allowedEnvironment": "HOSTED",
    "accessibleByAll": "NotShared",
    "scriptStepType": "CUSTOM_HTTP",
    "inputs": [],
    "outputs": [
      {
        "id": "9daeab79-a8d5-48e7-87fc-eeb09682f1aa",
        "name": "payload",
        "position": 0
      }
    ]
  }
]