{
  "name": "Create Properties Workflow",
  "form": "61e9897d-ce71-4f57-80e8-44ddc31a973e",
  "blocks": [
    {
      "id": "a4e92d1b-f88d-425b-b685-f224e3933290",
      "endpoint": "xMatters",
      "label": "Create Form Properties from payload",
      "presentation": "{\"w\":60,\"x\":170,\"h\":60,\"y\":0}",
      "step": "8b0357da-5fdc-4ffc-957f-5fbe8c991cfb",
      "stepType": "SCRIPT_STEP",
      "inputMappings": [
        {
          "inputPort": "input",
          "mapping": "${fcbf4a50-9b7c-47d0-86a5-3848abd2359d.payload}",
          "stepInput": "f8b284d4-1add-4726-9d3b-530d3da3e4de"
        },
        {
          "inputPort": "input",
          "mapping": "Create Properties",
          "stepInput": "363f8aac-b687-4294-9014-8c05650720d8"
        }
      ]
    },
    {
      "id": "fcbf4a50-9b7c-47d0-86a5-3848abd2359d",
      "label": "Create Properties - Receive Payload 2",
      "presentation": "{\"w\":60,\"x\":-2,\"h\":60,\"y\":0}",
      "step": "12a3b140-930b-4100-9531-a7587af257fb",
      "stepType": "INTEGRATION"
    }
  ],
  "edges": [
    {
      "fromBlock": "fcbf4a50-9b7c-47d0-86a5-3848abd2359d",
      "fromPort": "output",
      "toBlock": "a4e92d1b-f88d-425b-b685-f224e3933290",
      "toPort": "input"
    }
  ]
}